[
    {
        "titulo": "SOLICITA\u00c7\u00c3O DO \u201cLAUDO DE LIBERA\u00c7\u00c3O DASINSTALA\u00c7\u00d5ES SANIT\u00c1RIAS\u201d",
        "texto": "<h3>SOLICITA\u00c7\u00c3O DO \u201cLAUDO<br \/>\nDE LIBERA\u00c7\u00c3O DAS<br \/>\nINSTALA\u00c7\u00d5ES SANIT\u00c1RIAS\u201d<\/h3>\n<p>O cliente dever\u00e1 solicitar o laudo de libera\u00e7\u00e3o das instala\u00e7\u00f5es sanit\u00e1rias por meio da Ag\u00eancia Virtual no COPASA Atende.<\/p>\n",
        "arquivo": "https:\/\/copasa-precend.herokuapp.com\/public\/imgs\/pics\/copasa-1.jpg"
    },
    {
        "titulo": "VISTORIA INICIAL DA COPASA",
        "texto": "<h3>VISTORIA INICIAL<br \/>\nDA COPASA<\/h3>\n<p>A Copasa avaliar\u00e1 a necessidade ou n\u00e3o de ingresso no programa PRECEND. Para os im\u00f3veis dispensados de ingresso ser\u00e1 emitido um laudo que ser\u00e1 disponibilizado no canal de atendimento COPASA Atende, especificamente junto ao protocolo de atendimento, e poder\u00e1 ser levado pelo cliente ao \u00d3rg\u00e3o Ambiental.<\/p>\n",
        "arquivo": "https:\/\/copasa-precend.herokuapp.com\/public\/imgs\/pics\/copasa-2.jpg"
    },
    {
        "titulo": "SOLICITA\u00c7\u00c3O DE INGRESSO E LIBERA\u00c7\u00c3O DE DOCUMENTO PARA \u00d3RG\u00c3O AMBIENTAL",
        "texto": "<h3>SOLICITA\u00c7\u00c3O DE INGRESSO E<br \/>\nLIBERA\u00c7\u00c3O DE DOCUMENTO PARA<br \/>\n\u00d3RG\u00c3O AMBIENTAL<\/h3>\n<p>O cliente dever\u00e1 acessar o canal de atendimento COPASA Atende, para cadastro e preenchimento do formul\u00e1rio pr\u00f3prio. Ser\u00e1 gerado um n\u00famero de protocolo para acompanhamento do servi\u00e7o pelo cliente. Nesse momento tamb\u00e9m ser\u00e1 fornecido um documento para que o cliente informe ao \u00d3rg\u00e3o Ambiental o in\u00edcio do processo. <\/p>\n",
        "arquivo": "https:\/\/copasa-precend.herokuapp.com\/public\/imgs\/pics\/copasa-3.jpg"
    },
    {
        "titulo": "ELABORA\u00c7\u00c3O DE PROJETO T\u00c9CNICO",
        "texto": "<h3>ELABORA\u00c7\u00c3O DE<br \/>\nPROJETO T\u00c9CNICO<\/h3>\n<p>Dever\u00e1 ser elaborado um Projeto T\u00e9cnico, conforme orienta\u00e7\u00f5es recebidas por e-mail, no qual o estabelecimento ir\u00e1 demonstrar para a Copasa as principais redes: dom\u00e9stica, n\u00e3o dom\u00e9stica e pluvial, os processos realizados no local, os produtos utilizados, os controles existentes e como pretende se ajustar para atendimento aos limites previstos na Norma T\u00e9cnica T.187\/6.<\/p>\n",
        "arquivo": "https:\/\/copasa-precend.herokuapp.com\/public\/imgs\/pics\/copasa-4.jpg"
    },
    {
        "titulo": "ASSINATURA DE CONTRATO",
        "texto": "<h3>ASSINATURA<br \/>\nDE CONTRATO<\/h3>\n<p>Aprovado o projeto, a Copasa e o estabelecimento assinar\u00e3o um contrato, onde constar\u00e3o as obriga\u00e7\u00f5es das partes e poss\u00edveis san\u00e7\u00f5es em caso de descumprimento.<\/p>\n",
        "arquivo": "https:\/\/copasa-precend.herokuapp.com\/public\/imgs\/pics\/copasa-5.jpg"
    },
    {
        "titulo": "AUTOMONITORAMENTO E ACOMPANHAMENTO",
        "texto": "<h3>AUTOMONITORAMENTO<br \/>\nE ACOMPANHAMENTO<\/h3>\n<p>Uma das obriga\u00e7\u00f5es previstas em contrato \u00e9 a realiza\u00e7\u00e3o de uma coleta, peri\u00f3dica, pelo estabelecimento, e encaminhamento dos resultados para acompanhamento pela Copasa.<\/p>\n<p>A coleta e an\u00e1lise dever\u00e3o ser realizadas por laborat\u00f3rio acreditado\/homologado pela Rede Metrol\u00f3gica ou INMETRO. A Copasa avaliar\u00e1 os resultados e far\u00e1 fiscaliza\u00e7\u00f5es para acompanhamento das coletas e an\u00e1lises, conforme previsto em contrato.<\/p>\n",
        "arquivo": "https:\/\/copasa-precend.herokuapp.com\/public\/imgs\/pics\/copasa-6.jpg"
    }
]