{
    "facebookLink": "https:\/\/www.facebook.com\/copasaminas",
    "youtubeLink": "https:\/\/www.youtube.com\/user\/TVCOPASAMG\/",
    "twitterLink": "https:\/\/www.twitter.com\/aquitemcopasa\/",
    "instagramLink": "https:\/\/www.instagram.com\/aquitemcopasa\/",
    "linkedinLink": "https:\/\/www.linkedin.com\/company\/aquitemcopasa\/",
    "videoPrecend": "https:\/\/www.youtube.com\/embed\/xvb9BqK0NZE",
    "videoEtapas": "https:\/\/www.youtube.com\/embed\/xvb9BqK0NZE",
    "videoDuvidas": "https:\/\/www.youtube.com\/embed\/xvb9BqK0NZE",
    "linkCopasa": "http:\/\/www.copasa.com.br\/",
    "linkEsgoto": "https:\/\/copasaportalprd.azurewebsites.net\/copasa.portal",
    "linkLogin": "https:\/\/copasaatende.powerappsportals.com\/",
    "linkConta": "https:\/\/wwwapp.copasa.com.br\/servicos\/PortalPrecend"
}