[
    {
        "titulo": "PARA QUEM O PRECEND \u00c9 DESTINADO?",
        "texto": "<p style=\"text-align: justify;\">Para todo empreendimento gerador de efluente n\u00e3o dom\u00e9stico, que se caracteriza como sendo aquele que difere do gerado nas resid\u00eancias, em quantidade ou qualidade.<\/p>\n"
    },
    {
        "titulo": "QUANDO PROCURAR A COPASA PARA FALAR SOBRE O PRECEND?",
        "texto": "<ul>\n<li>Quando o estabelecimento, por iniciativa pr\u00f3pria, decide por ingressar no Programa.<\/li>\n<li>Outras op\u00e7\u00f5es s\u00e3o provenientes de exig\u00eancia legal ambiental na obten\u00e7\u00e3o ou renova\u00e7\u00e3o da licen\u00e7a de Opera\u00e7\u00e3o &#8211; LO;<\/li>\n<li>Ou para a obten\u00e7\u00e3o ou renova\u00e7\u00e3o do alvar\u00e1 de funcionamento;<\/li>\n<li>Ou no ato da solicita\u00e7\u00e3o da liga\u00e7\u00e3o de esgoto na Copasa ou decorrente de fiscaliza\u00e7\u00e3o ambiental por parte dos \u00d3rg\u00e3os de Fiscaliza\u00e7\u00e3o e de controle.<\/li>\n<\/ul>\n"
    },
    {
        "titulo": "BENEF\u00cdCIOS",
        "texto": "<p style=\"text-align: justify;\">O cliente PRECEND possui diversos benef\u00edcios por estarem inseridos no programa. O principal deles \u00e9 que o cliente poder\u00e1 se manter focado em seu Neg\u00f3cio, j\u00e1 que seu esgoto estar\u00e1 sendo coletado e tratado por quem \u00e9 especialista. Implantado pela Copasa na d\u00e9cada de 90, o Precend \u00e9 a solu\u00e7\u00e3o ideal para a coleta e tratamento do seu esgoto. Al\u00e9m disso o cliente Precend poder\u00e1 obter, ainda, como benef\u00edcio no mercado, linhas de cr\u00e9dito diferenciadas. Para conseguir esse benef\u00edcio, o cliente necessita que seu projeto seja enquadrado em iniciativa sustent\u00e1vel e preencher os requisitos de preserva\u00e7\u00e3o e recupera\u00e7\u00e3o do meio ambiente.<br \/>\n\u00c9 a Copasa sempre em parceria com seus clientes, contribuindo para o atendimento das normas ambientais de disposi\u00e7\u00e3o final do efluente, bem como para a redu\u00e7\u00e3o do custo operacional das empresas.<\/p>\n"
    }
]