[
    {
        "titulo": "A ARSAE-MG",
        "texto": "<p class=\"text-justify\">A Ag\u00eancia Reguladora de Servi\u00e7os de Abastecimento e Esgotamento Sanit\u00e1rio do Estado de Minas Gerais (ARSAE-MG) objetiva regulamentar a presta\u00e7\u00e3o de servi\u00e7os de abastecimento de \u00e1gua e de esgotamento sanit\u00e1rio de todas as operadoras de saneamento atuantes no estado de Minas Gerais.<\/p>\n<p class=\"text-justify\">A Copasa segue as regulamenta\u00e7\u00f5es determinadas pela ARSAE-MG para desenvolver seus processos e servi\u00e7os. Dentre as regulamenta\u00e7\u00f5es da ARSAE-MG para o controle de efluentes n\u00e3o dom\u00e9sticos, se destacam:<\/p>\n"
    },
    {
        "titulo": "RESOLU\u00c7\u00c3O ARSAE MG N\u00ba 130\/2019",
        "texto": "<p class=\"text-justify\">Art. 45 N\u00e3o \u00e9 permitido despejar na rede coletora de esgoto, sem tratamento pr\u00e9vio, efluente n\u00e3o dom\u00e9stico que contenha subst\u00e2ncia que, por sua natureza, possa danific\u00e1-la, obstru\u00ed-la, ou interferir no processo de depura\u00e7\u00e3o de Esta\u00e7\u00e3o de Tratamento de Esgoto ou causar dano ao meio ambiente, ao patrim\u00f4nio p\u00fablico ou a terceiro.<\/p>\n<p class=\"text-justify\">\u00a7 1\u00b0 O efluente n\u00e3o dom\u00e9stico, para ser lan\u00e7ado diretamente na rede coletora de esgoto, dever\u00e1 obedecer a caracter\u00edsticas biol\u00f3gicas e f\u00edsico-qu\u00edmicas definidas em norma espec\u00edfica do prestador, homologada pela ARSAE-MG.<\/p>\n<p class=\"text-justify\">\u00a7 2\u00b0 Constatado que o efluente n\u00e3o dom\u00e9stico n\u00e3o atende \u00e0s normas espec\u00edficas para o lan\u00e7amento na rede p\u00fablica de esgoto, a autoridade ambiental competente dever\u00e1 ser informada pelo prestador.<br \/>\nArt. 117 Considera-se conduta irregular do usu\u00e1rio pass\u00edvel de san\u00e7\u00e3o pelo prestador:<br \/>\nX \u2013 Lan\u00e7amento na rede de esgoto de efluentes n\u00e3o dom\u00e9sticos que, por suas caracter\u00edsticas, exijam tratamento pr\u00e9vio;<\/p>\n<p class=\"text-justify\">Assim, a Copasa recebe os efluentes n\u00e3o dom\u00e9sticos no seu sistema p\u00fablico de esgotos e os encaminha, conjuntamente com os efluentes dom\u00e9sticos, \u00e0s esta\u00e7\u00f5es de tratamento. Portanto, \u00e9 fundamental que os estabelecimentos garantam o atendimento aos padr\u00f5es de lan\u00e7amento determinados pela T.187\/6, documento homologado pela ARSAE.<\/p>\n"
    },
    {
        "titulo": "RESOLU\u00c7\u00c3O ARSAE MG N\u00ba 117\/2018",
        "texto": "<p style=\"text-align: justify;\">Homologa a Norma T\u00e9cnica T.187\/6 \u2013 Lan\u00e7amento de Efluentes n\u00e3o Dom\u00e9sticos no Sistema de Esgotamento Sanit\u00e1rio da Companhia de Saneamento de Minas Gerais \u2013 COPASA MG.<br \/>\nUma vez acompanhada pelo PRECEND, a destina\u00e7\u00e3o do esgoto do estabelecimento \u00e9 considerada ambientalmente monitorada, o que pode ser atestado pela Copasa aos \u00d3rg\u00e3os ambientais.<\/p>\n"
    },
    {
        "titulo": "Resolu\u00e7\u00f5es de refer\u00eancia",
        "texto": "<ul>\n<li><a href=\"http:\/\/www2.mma.gov.br\/port\/conama\/legiabre.cfm?codlegi=459\" rel=\"noopener noreferrer\" target=\"_blank\">CONAMA n\u00ba 357\/2005<\/a>\n<li><a href=\"http:\/\/www2.mma.gov.br\/port\/conama\/legiabre.cfm?codlegi=646\" rel=\"noopener noreferrer\" target=\"_blank\">CONAMA n\u00ba 430\/2011<\/a>\n<li><a href=\"http:\/\/www.siam.mg.gov.br\/sla\/download.pdf?idNorma=8151\" rel=\"noopener noreferrer\" target=\"_blank\">COPAM\/CERH-MG n\u00ba 01\/2008<\/a>\n<li><a href=\"https:\/\/www.abntcatalogo.com.br\/norma.aspx?ID=5381\" rel=\"noopener noreferrer\" target=\"_blank\">ABNT NBR 9800\/1987<\/a>\n<li><a href=\"https:\/\/www.abntcatalogo.com.br\/norma.aspx?ID=936\" rel=\"noopener noreferrer\" target=\"_blank\">ABNT NBR 10004<\/a>\n<li><a href=\"http:\/\/arsae.mg.gov.br\/images\/documentos\/legislacao\/resoluo117_2018.pdf\" rel=\"noopener noreferrer\" target=\"_blank\">Resolu\u00e7\u00e3o ARSAE MG n\u00ba 117\/2018<\/a>\n<li><a href=\"http:\/\/www.arsae.mg.gov.br\/images\/documentos\/legislacao\/2019\/Resoluo%20ARSAE_MG%20n130.2019_Esgoto.pdf\" rel=\"noopener noreferrer\" target=\"_blank\">Resolu\u00e7\u00e3o ARSAE  MG n\u00ba 130\/2019<\/a>\n<li><a href=\"http:\/\/www.copasa.com.br\/precend\/pdfs\/NormaTecnica_T187_6.pdf\" rel=\"noopener noreferrer\" target=\"_blank\">Norma T\u00e9cnica \u2013 T187<\/a>\n<\/ul>\n"
    }
]